{
  "embed_tokens": 0.0018406665185466409,
  "q_proj": 0.007316529285162687,
  "k_proj": 0.005248062312602997,
  "v_proj": 0.0009587805834598839,
  "o_proj": 0.0014033280313014984,
  "gate_proj": 0.003185362322255969,
  "up_proj": 0.0014071727637201548,
  "down_proj": 0.0019098717020824552,
  "lm_head": 0.004525252152234316
}